Year,Category,Sales,Rating
2015,Accessories,29300,0.6316666666666667
2016,Accessories,120700,0.875
2017,Accessories,233800,0.9366666666666666
2015,Bikes,10300,0.38749999999999996
2016,Bikes,23100,0.36750000000000005
2017,Bikes,37800,0.4825
2015,Clothing,44800,0.34625
2016,Clothing,60400,0.48375
2017,Clothing,104200,0.56
2015,Components,26700,0.4957142857142857
2016,Components,45100,0.42428571428571427
2017,Components,62100,0.5014285714285714
